rank,ticker,company_name,exit_urgency_score,sentiment,exit_recommendation,exit_catalysts,hold_reasons,risks_of_holding,certainty,articles_analyzed,technical_score,headline,reasoning,stop,trail,alert
1,INDINFO,INDINFO,84.1,neutral,IMMEDIATE_EXIT,Severe technical breakdown: -22.6% below 50DMA with death cross pattern forming; Price at 20-day low with RSI 27.78 showing continued downward momentum; Price below both 20DMA (-7.9%) and 50DMA (-22.6%) with declining volume confirmation; 10-day momentum at -8.75% with weekly and monthly downtrends intact; High volatility (5.19% ATR) with Bollinger Band position at -1.49 Z-score indicating extreme weakness,RSI near oversold territory (27.78) suggests potential near-term bounce; No fundamental news confirming permanent deterioration,Further downside risk with no technical support until significant lower levels; Declining volume (0.58x average) suggests lack of buying interest and potential for continued drift; Death cross pattern emerging (20DMA crossing below 50DMA) typically signals extended downtrend; No news buffer means any negative fundamental catalyst could accelerate decline; Opportunity cost high - capital trapped in declining asset during potential market opportunities,85.0,1,85,Technical-only assessment (no recent news),"IMMEDIATE EXIT recommended due to severe multi-timeframe technical breakdown with price 22.6% below 50DMA, forming death cross pattern, and sitting at 20-day lows. While RSI shows oversold conditions, the combination of broken support levels, declining volume, negative momentum across all timeframes, and absence of positive catalysts creates unacceptable risk/reward. Capital preservation priority justifies exit even at current depressed levels.",close< 0.69 (swing_low - 1.0*ATR),0.06 (1.5×ATR),20DMA
2,VIKRAMAR,VIKRAMAR,76.2,neutral,MONITOR,"Price broke below both 20DMA (-5.5%) and 50DMA (-13.5%) with confirmed downtrend; RSI at 29.1 shows oversold but momentum still negative with weak volume (0.34x avg); Death cross likely imminent (20DMA trending toward 50DMA), multi-timeframe bearish (weekly/monthly down); Bollinger Band position at -1.0 z-score suggests capitulation zone but no reversal confirmation; Low volume (965 vs 2816 avg) indicates lack of buying interest despite oversold conditions","No fundamental red flags visible - no news of earnings miss, debt issues, or regulatory problems; Oversold RSI (29.1) and BB position suggest potential mean reversion if support holds near ₹74.54; Distance from 20D low only 1.16% suggests already near capitulation - limited downside vs 13.4% upside to recent high","Confirmed multi-timeframe downtrend (daily/weekly/monthly) increases breakdown continuation risk; Volume drying up (34% of normal) suggests institutional distribution or lack of support; No positive catalysts visible - purely technical setup with no fundamental support; If ₹74.54 BB lower band breaks with volume, next support unknown - potential waterfall decline; Opportunity cost high - capital locked in declining asset while markets may offer better risk/reward",75.0,1,78,Technical-only assessment (no recent news),"MONITOR with tight stop-loss at ₹74.50 (BB lower band). Technical breakdown is severe (-13.5% below 50DMA, death cross forming, weak volume) but oversold conditions suggest bounce potential. However, absence of any positive news and multi-timeframe bearish trend makes this a deteriorating position. Consider 50% exit now, 50% exit if ₹74.50 breaks. Capital likely better deployed in stocks with positive catalysts.",close< 73.13 (swing_low - 1.0*ATR),7.61 (1.5×ATR),20DMA
3,KEC,KEC,74.1,neutral,MONITOR,Deep oversold RSI (22.75) indicates panic selling or material weakness; Price below both 20DMA (-3.5%) and 50DMA (-3.9%) confirming downtrend; At 20-day low with negative 10-day momentum (-3.3%); Low volume (0.47x avg) suggests weak conviction - bounce or breakdown unclear; Bollinger Band Z-score of -2.33 indicates extreme lower band position,Extreme RSI <25 historically marks reversal zones - capitulation signal; No fundamental news suggests technical washout rather than business deterioration; Low volume selloff (not climactic) may resolve with stabilization,Further breakdown below ₹817 (current 20D low) triggers technical cascade; Volume expansion on down move would confirm distribution; Absence of news creates information vacuum - unknown catalysts; ATR at 1.94% suggests volatility could accelerate losses; Death cross forming (20DMA approaching 50DMA) if no recovery,78.0,1,75,Technical-only assessment (no recent news),"Technical deterioration warrants close MONITORING with defensive action prepared. Extreme oversold conditions (RSI 22.75) suggest potential bounce, but multiple support levels broken without fundamental news raises concern. Implement ₹800 stop-loss (2% below current); exit 50% position if volume surges on next down leg. Reassess in 3-5 sessions - either reversal confirmation or accelerated exit required.",close< 801.91 (swing_low - 1.0*ATR),23.76 (1.5×ATR),20DMA
4,DEEPAKNTR,DEEPAKNTR,74.1,neutral,MONITOR,Price trading below both 20DMA (-2.6%) and 50DMA (-3.4%) indicating sustained downtrend; RSI at extreme oversold 25.34 with continued downward momentum (-2.36% 10d); Trading at 20-day low (0% distance) with volume spike (1.67x) confirming selling pressure; Bollinger Band position at -1.46 sigma suggesting technical breakdown below mean; Weekly and monthly trends both down indicating deteriorating longer-term structure,Extreme RSI oversold condition (25.34) may signal near-term bounce potential; No fundamental news available suggesting technical correction rather than business deterioration; Volume spike could represent capitulation selling ahead of reversal,Continued breakdown below 20DMA/50DMA increases probability of testing lower support levels; Absence of news creates uncertainty - could be sector rotation or undisclosed fundamental issues; Death cross risk if 20DMA crosses below 50DMA (currently separated by only ~15 points); ATR at 1.45% suggests increased volatility and risk of further downside gaps; Opportunity cost high if capital trapped in extended downtrend,78.0,1,75,Technical-only assessment (no recent news),"MONITOR closely for exit. Stock exhibits clear technical deterioration with price below key moving averages, extreme oversold RSI, and confirmed selling pressure on volume. While extreme oversold conditions may produce a relief bounce, the sustained multi-timeframe downtrend (weekly/monthly) and absence of fundamental catalysts warrant close monitoring. Consider partial exit to reduce exposure and strict stop-loss discipline.",close< 1703.29 (swing_low - 1.0*ATR),37.67 (1.5×ATR),20DMA
5,BFUTILITIE,BFUTILITIE,74.1,neutral,MONITOR,"Price broken below both 20DMA (-5.2%) and 50DMA (-7.4%) with confirmed downtrend; RSI deeply oversold at 23 indicating strong selling pressure and momentum exhaustion; Volume collapse to 31% of average suggests lack of buyer interest and potential liquidity risk; Triple trend confirmation: 10-day (-6.7%), weekly, and monthly all negative; Trading near lower Bollinger Band (z-score -1.29) with continued downside momentum","Extreme oversold RSI (23) historically signals potential mean reversion opportunity; Trading only 0.76% above 20-day low suggests limited downside from panic selling levels; No fundamental news indicates technical-only correction, not business deterioration",Death cross pattern imminent or confirmed (20DMA trending below 50DMA); Volume deterioration suggests institutional distribution and weakening support; No news available creates uncertainty about fundamental business health; Multiple timeframe breakdown increases probability of extended correction; Opportunity cost high - capital tied in downtrending asset with no visible catalyst,78.0,1,75,Technical-only assessment (no recent news),"MONITOR with tight stop-loss - stock exhibits severe technical deterioration across all timeframes with RSI at capitulation levels (23) and volume collapse. However, absence of fundamental news and extreme oversold conditions warrant 24-48 hour observation window before exit. Place stop-loss at 5-6% below current to protect against further breakdown. Exit immediately if volume returns on downside or if fundamental negative news emerges.",close< 707.76 (swing_low - 1.0*ATR),34.79 (1.5×ATR),20DMA
6,IDBI,IDBI,74.1,neutral,MONITOR,RSI 69.93 approaching overbought with price 9.6% above 20DMA signals short-term exhaustion; Bollinger Band z-score 2.42 indicates extreme extension beyond upper band - mean reversion risk; 5.3x volume spike at 20-day high suggests climax buying potentially marking temporary top; 13.2% rally in 10 days with no fundamental news raises fake rally/technical retracement concerns,"Strong uptrend confirmed across all timeframes (10d, weekly, monthly momentum positive); Price remains 11.7% above 50DMA with clean support structure - no breakdown signals yet; No fundamental deterioration, regulatory issues, or negative catalysts in news flow",Technical overextension with RSI nearing 70 and price 2.4 standard deviations above mean creates pullback vulnerability; Absence of news catalyst for 13% move suggests purely technical/momentum-driven rally that could reverse quickly; High ATR 3.36% indicates elevated volatility - potential for sharp 5-7% correction to retest 20DMA support at ₹94.70; Opportunity cost consideration - capital locked in extended position while other banking stocks may offer better risk/reward,68.0,1,75,Technical-only assessment (no recent news),"MONITOR closely with tight trailing stop. The technical setup shows classic overextension signals (RSI 70, BB breach, volume climax) despite strong trend structure. Lacking fundamental catalyst for the 13% rally increases fake rally risk. Book partial profits here and trail remainder with 5-6% stop below ₹98 to protect gains while allowing trend continuation possibility.",close< 87.77 (swing_low - 1.0*ATR),5.22 (1.5×ATR),20DMA
7,AURIGROW,AURIGROW,69.2,neutral,MONITOR,High volatility with 3.95% ATR indicating unstable price action; Recent 10-day momentum -3.45% shows deteriorating short-term trend; Lack of moving average data prevents support level identification; Extremely low price at ₹0.56 increases delisting/penny stock risk; No recent news creates information vacuum and uncertainty,Weekly trend remains positive (up) suggesting medium-term strength intact; RSI at neutral 50 indicates no oversold panic or overbought exhaustion; No concrete fundamental deterioration signals available,Penny stock category (₹0.56) carries inherent liquidity and manipulation risks; Missing technical indicators (SMA 20/50) prevent proper trend confirmation; Information asymmetry - no news may indicate company obscurity or distress; High ATR% suggests potential for sharp downside moves; Volume data incomplete - cannot assess institutional activity,65.0,1,68,Technical-only assessment (no recent news),"MONITOR position closely with 15% trailing stop-loss. While weekly trend remains positive and RSI neutral, the combination of penny stock status, high volatility (3.95% ATR), negative 10-day momentum, and information vacuum warrants heightened vigilance. Consider partial exit to reduce exposure given opportunity cost concerns.",,0.03 (1.5×ATR),
8,CIPLA,CIPLA,69.2,neutral,MONITOR,"Price trading below both 20DMA (-3.9%) and 50DMA (-3.7%) with sustained downtrend; RSI at 40.3 showing weakening momentum with 10-day decline of -4.8%; High volume spike (2.1x average) confirming selling pressure during decline; Trading near lower Bollinger Band (z-score -1.28) indicating oversold but with continued weakness; Weekly and monthly trends both negative, suggesting intermediate-term deterioration","No critical fundamental news or earnings warnings detected - technical correction only; RSI at 40.3 not yet oversold (<30), leaving room for mean reversion if support holds; Distance from 20-day low only 0.45% suggests potential support formation at current levels","Death cross risk if 20DMA continues declining toward 50DMA - currently separated by minimal gap; Volume-confirmed breakdown below 1500 psychological support could accelerate selling to 1467 (BB lower); Absence of news creates uncertainty - deterioration cause unknown (sector rotation, FII selling, or hidden fundamental issues); Opportunity cost high if capital reallocated to momentum stocks while CIPLA consolidates",78.0,1,68,Technical-only assessment (no recent news),"MONITOR closely with defensive stop-loss. Technical deterioration is real (price below SMAs, negative momentum, elevated selling volume) but lacks fundamental catalyst confirmation. Consider 25-30% partial exit to reduce risk while watching for breakdown below 1467 (BB lower) or recovery above 1520 (20DMA reclaim). No news suggests this may be sector-wide weakness rather than company-specific crisis.",close< 1458.95 (swing_low - 1.0*ATR),53.48 (1.5×ATR),20DMA
9,UPL,UPL,69.2,neutral,MONITOR,RSI overbought at 70.57 indicating potential exhaustion after 6.8% 10-day rally; Price touching Bollinger Band upper limit (BB z-score 2.11) suggesting overextension; Volume spike 2.15x average on up-move often marks short-term top; Strong technical run (+5.2% above 20DMA) may attract profit-booking; No fundamental news to justify continuation - rally appears momentum-driven,Price remains above both 20DMA and 50DMA showing intact uptrend structure; No fundamental deterioration signals or negative news present; ATR at 1.95% indicates normal volatility without panic selling,Overbought RSI combined with BB upper touch creates mean-reversion risk; Absence of news suggests rally lacks fundamental support - vulnerable to reversal; High volume on up-move may exhaust near-term buyers; Opportunity cost: capital locked in technically extended position,78.0,1,68,Technical-only assessment (no recent news),"MONITOR closely for exit. UPL shows classic technical overextension (RSI 70.57, BB upper touch, 2.15x volume spike) after a strong 6.8% 10-day rally with NO fundamental catalyst. While trend structure remains intact, the risk/reward is unfavorable at current levels. Consider taking partial profits or tightening stop-loss. Watch for RSI divergence or volume decline as exit triggers.",close< 655.90 (swing_low - 1.0*ATR),21.07 (1.5×ATR),20DMA
10,BHEL,BHEL,69.2,neutral,MONITOR,RSI 73.64 indicates severe overbought conditions with reversal risk; Price trading 2.77 standard deviations above Bollinger Band upper limit - extreme extension; Volume spike (2.27x average) on overbought levels suggests exhaustion rather than continuation; 14% momentum in 10 days creates unsustainable pace - likely profit-taking ahead; No fundamental catalysts to justify current technical extension,Price remains above both 20DMA (+10.5%) and 50DMA (+15%) showing intact uptrend structure; No negative news or fundamental deterioration detected; Weekly and monthly trends both positive - broader trend supportive,Mean reversion highly probable from extreme overbought RSI 73+ levels; BB breakout this extreme (2.77 SD) historically precedes 5-8% pullbacks; High volume on extended move often marks distribution phase; Public sector stock susceptible to policy/sentiment shifts without warning; Opportunity cost risk - capital locked in overextended position,78.0,1,68,Technical-only assessment (no recent news),"MONITOR with tight stop-loss. BHEL shows extreme technical extension (RSI 73.64, 2.77 SD above BB) with exhaustion volume, creating high reversal risk despite intact uptrend. Absence of fundamental catalysts makes current levels vulnerable. Consider 25-30% profit booking and trail remaining position with 6-7% stop-loss below current price.",close< 224.73 (swing_low - 1.0*ATR),9.32 (1.5×ATR),20DMA
11,CROMPTON,CROMPTON,69.2,neutral,MONITOR,"Price trading 7.2% below 50DMA with established downtrend; Death cross forming: 20DMA (288.09) approaching 50DMA (304.77); Negative momentum across all timeframes: 10D (-1.67%), weekly down, monthly down; Price near lower Bollinger Band (Z-score -1.50) with sustained weakness; Volume spike (1.46x average) on down move confirming distribution","RSI at 43.02 not oversold - room for further decline before capitulation; No fundamental red flags visible (no earnings warnings, regulatory issues, or debt concerns); Price only 0.93% above 20-day low - already absorbed significant damage",Impending death cross could trigger systematic selling and momentum breakdown; 7%+ divergence from 50DMA indicates loss of medium-term support structure; Volume confirmation on down move (4.58M vs 3.13M avg) suggests institutional distribution; Downtrend across weekly/monthly timeframes indicates sustained selling pressure; Opportunity cost: capital deployed in weakening asset while market has alternatives,75.0,1,68,Technical-only assessment (no recent news),"CROMPTON exhibits concerning technical deterioration with price 7.2% below 50DMA, impending death cross, and volume-confirmed downtrend across all timeframes. However, absence of fundamental news and non-oversold RSI suggest this is technical weakness rather than business deterioration. MONITOR closely with 5-7% trailing stop-loss; consider partial exit to reduce exposure while awaiting stabilization signals or fundamental catalysts.",close< 274.38 (swing_low - 1.0*ATR),8.58 (1.5×ATR),20DMA
12,EASEMYTRIP,EASEMYTRIP,69.2,neutral,MONITOR,Price trading below both 20DMA (-0.75%) and 50DMA (-4.84%) indicating sustained downtrend; Negative 10-day momentum (-0.38%) with confirmed weekly and monthly downtrends; Below-average volume (0.97x) during decline suggests lack of buying interest at current levels; Bollinger Band position (z-score -0.80) near lower band indicates oversold conditions without reversal signals; Price near 20-day low (only 1.15% above) with limited cushion before support break,RSI at 44.76 not yet oversold territory - some technical cushion remains before panic selling zone; No catastrophic news or fundamental deterioration signals present in available data; Low ATR (1.93%) suggests range-bound environment rather than capitulation breakdown,Persistent triple-timeframe downtrend (10D/weekly/monthly) indicates selling pressure overwhelming buyers; Death cross imminent if 20DMA continues declining toward 50DMA - would trigger algorithmic selling; Volume declining during downmove suggests institutional distribution rather than capitulation wash-out; No positive catalyst visible with zero recent news - momentum traders likely to continue exit; Opportunity cost high - capital trapped in declining asset while market may offer better risk/reward elsewhere,75.0,1,68,Technical-only assessment (no recent news),"MONITOR with tight stop-loss. Stock exhibits concerning technical deterioration with triple-timeframe downtrend, declining momentum, and price below key moving averages. However, absence of fundamental news and non-extreme RSI prevent immediate exit call. Set stop-loss at 7.75 (2.5% below current) and reassess if 20DMA/50DMA death cross forms or volume spikes on further decline. Consider partial exit to redeploy capital into stronger momentum opportunities.",close< 7.70 (swing_low - 1.0*ATR),0.23 (1.5×ATR),20DMA
13,GATECHDVR,GATECHDVR,67.1,neutral,MONITOR,Price trading below both 20DMA (-2.7%) and 50DMA (-3.6%) indicating weakening trend; Recent 10-day momentum down -3.7% with bearish recent trend confirmation; Bollinger Band position at -0.73 (lower third) with high ATR of 5.6% suggesting continued volatility; Weekly trend DOWN despite monthly UP - conflicting timeframes indicate indecision; Volume spike (1.95x average) on down move suggests distribution/selling pressure,"Price only 1.96% above 20-day low - already significantly sold off, limited downside near-term; RSI at 42.86 approaching oversold territory without extreme weakness - potential stabilization zone; No catastrophic news, regulatory issues, or fundamental deterioration visible",Continued breakdown below 50DMA could trigger death cross if 20DMA crosses below; High ATR (5.6%) indicates elevated volatility risk with potential for sharp moves; No news/catalysts visible - stock drifting lower without support from fundamentals; Volume concentration on down days suggests sellers more aggressive than buyers; Opportunity cost - capital locked in declining asset during potential market opportunities elsewhere,68.0,1,65,Technical-only assessment (no recent news),"GATECHDVR shows concerning technical deterioration with price below key moving averages, negative momentum, and elevated volume on down moves. However, proximity to recent lows and approaching oversold RSI suggest positioning for bounce. MONITOR closely with 5-7% trailing stop-loss - exit if breaks below 20-day low (₹0.51) or if fundamental news emerges negative. Consider partial position reduction to free capital for better opportunities.",close< 0.48 (swing_low - 1.0*ATR),0.04 (1.5×ATR),20DMA
14,RBLBANK,RBLBANK,67.1,neutral,MONITOR,RSI overbought at 72.6 indicating extreme short-term extension; Price at 20-day high with volume declining 47% below average - lacks conviction; Banking sector facing RBI tightening cycle and asset quality pressures in mid-tier private banks; Near Bollinger Band upper limit (Z=1.15) suggesting reversion risk,"Strong uptrend intact: price 15.7% above 50DMA and 7.3% above 20DMA with both moving averages in upward alignment; No confirmed technical breakdown - all support levels holding with recent trend strongly up across 10d/weekly/monthly timeframes; Absence of negative news or fundamental deterioration signals - no earnings warnings, regulatory issues, or management scandals detected",Overbought RSI + declining volume = classic distribution pattern risk; RBL Bank historically volatile due to asset quality concerns - susceptible to sudden sentiment shifts; Mid-tier private bank sector facing margin compression from rate competition; Momentum exhaustion risk - 9% gain in 10 days may not sustain without fresh catalysts,75.0,1,65,Technical-only assessment (no recent news),"MONITOR with tight stop-loss. Strong technical uptrend remains intact, but overbought RSI combined with 47% volume decline suggests weakening conviction at highs. Absence of negative news is positive, but banking sector headwinds and technical exhaustion warrant close observation. Consider booking partial profits and tightening stop-loss to protect gains.",close< 262.74 (swing_low - 1.0*ATR),16.21 (1.5×ATR),20DMA
15,GLENMARK,GLENMARK,67.1,neutral,MONITOR,"Price trading 3.5% below 50DMA indicating weakening medium-term trend; RSI at 38.7 showing oversold conditions with recent downward momentum; Below-average volume (0.70x) on recent moves suggests weak conviction; Weekly and monthly trends both DOWN confirming deteriorating structure; Price compressed in narrow range (4.3% from 20D low, 4.5% from 20D high) suggesting potential breakdown",Price still above 20DMA (+0.16%) - key short-term support intact; Recent 10-day momentum positive (+1.57%) showing short-term resilience; No critical news indicating fundamental deterioration or regulatory issues,Death cross forming: 20DMA approaching 50DMA from above (bearish setup); Low volume environment (30% below average) makes it vulnerable to sharp moves; Pharma sector concentration risk without sector-specific news confirmation; RSI below 40 with weekly/monthly downtrends = likely further downside; No news buffer means any negative surprise could trigger breakdown,68.0,1,65,Technical-only assessment (no recent news),"MONITOR closely with 3-5% stop loss. Technical structure deteriorating with price below 50DMA, RSI oversold, and multi-timeframe downtrends. However, 20DMA support holding and no fundamental red flags warrant monitoring before exit. If price breaks below ₹1,850 (20DMA) on volume, exit immediately. Consider partial exit (30-50%) to reduce risk while awaiting clarity.",close< 1771.01 (swing_low - 1.0*ATR),62.53 (1.5×ATR),20DMA
16,SAGILITY,SAGILITY,53.1,neutral,MONITOR,RSI 69.66 approaching overbought with 3.28x volume spike - potential exhaustion signal; Price trading at Bollinger Band upper limit (z-score 1.91) - overextended rally risk; Zero fundamental visibility - no news/earnings data to justify 16.4% 10-day momentum; High ATR 4.32% indicates elevated volatility - unstable price action; Opportunity cost concern - strong technical rally without fundamental catalyst confirmation,Price sustaining above both SMA20 (+12.1%) and SMA50 (+15.7%) - uptrend structurally intact; Weekly and monthly trends both 'up' - multi-timeframe alignment supports continuation; No confirmed bearish technical breakdown - still 3.74% from 20-day high,Momentum chase risk - buying at rally peak without fundamental anchor; Volume spike (3.28x) on strong up move often precedes reversal - 'blow-off top' pattern; Information asymmetry - complete lack of news creates uncertainty about sustainability; Mean reversion risk - 16%+ move in 10 days statistically prone to pullback; RSI nearing 70 threshold - historically marks short-term tops in strong moves,68.0,1,45,Technical-only assessment (no recent news),"MONITOR with tight stop-loss. Technical strength is clear (multi-timeframe uptrend, above key SMAs), but the rally lacks fundamental confirmation and shows exhaustion signals (RSI 69.66, BB upper limit, volume spike). The complete absence of news during a 16% 10-day surge raises sustainability concerns. Consider taking partial profits and tightening stop-loss to lock gains while monitoring for either fundamental catalyst confirmation or technical breakdown.",close< 41.17 (swing_low - 1.0*ATR),3.40 (1.5×ATR),20DMA
17,MGL,MGL,44.1,neutral,HOLD,Price trading below both 20DMA (-1.14%) and 50DMA (-1.37%) indicating short-term weakness; RSI at 43.26 showing bearish momentum with downward 10-day trend (-0.42%); Recent trend is down with weekly trend also negative suggesting near-term pressure,"Technical weakness is MILD - price only 1-1.4% below moving averages, not a major breakdown; RSI at 43 is neutral zone, not oversold - no panic selling or capitulation; Price near lower Bollinger Band (Z-score: -1.24) suggests potential bounce zone rather than collapse","Continued weakness below moving averages could lead to death cross if 20DMA crosses below 50DMA; Absence of news means no positive catalysts to reverse current downtrend; RSI trending toward oversold without bounce attempt could signal deeper correction; If price breaks below ₹1,268 (lower BB), could trigger stop-loss selling",68.0,1,45,Technical-only assessment (no recent news),"HOLD position. Technical weakness is minor and within normal correction parameters - only 1-1.4% below key averages with no panic selling evident. No fundamental deterioration or negative news to justify exit. Price near lower Bollinger Band suggests oversold conditions favor mean reversion over continued decline. Monthly uptrend intact. Stop only if breaks ₹1,268 decisively.",close< 1249.11 (swing_low - 1.0*ATR),33.89 (1.5×ATR),20DMA
18,DATAPATTNS,DATAPATTNS,40.8,neutral,HOLD,"Price below 20DMA by 1.34% with weak volume (0.44x average); Recent downtrend: -2.24% momentum over 10 days; Bollinger Band position at -0.84 (lower half, mild weakness)","Price still 2.2% above 50DMA - primary uptrend intact; RSI at 44.5 in neutral zone, not oversold, no panic selling; Near 20-day low (1.74% above) but within normal volatility range (ATR 2.76%)",Continued weakness below 20DMA could test 50DMA support at ₹2685; Low trading volume may signal waning interest or participation; Short-term downtrend needs reversal confirmation to re-establish bullish momentum; Absence of positive catalysts in current news window creates uncertainty,72.0,1,42,Technical-only assessment (no recent news),"HOLD position - this appears to be normal profit-taking or consolidation rather than structural breakdown. Price remains above critical 50DMA support with monthly trend intact, RSI neutral (not oversold), and critically, the low volume selloff lacks conviction. The 1.34% deviation from 20DMA is minor and within 1-ATR normal volatility. No fundamental deterioration signals present. Monitor ₹2685 (50DMA) as key support level.",close< 2621.56 (swing_low - 1.0*ATR),113.46 (1.5×ATR),20DMA
19,ALPA,ALPA,30.1,neutral,HOLD,Price below 50DMA (-1.01%) indicating weakness vs medium-term trend; Low volume (48% of avg) suggesting weak conviction in recent rally; Weekly and monthly trends both down showing broader deterioration,Price above 20DMA (+2.45%) with neutral RSI (49.8) - no technical breakdown; Recent 10-day momentum positive (+3.81%) with uptrend intact; Trading near 20-day high (only -0.48% away) - no critical support breaks,Persistent low volume could indicate distribution phase; Longer timeframe trends (weekly/monthly down) may reassert pressure; No news available - fundamentals uncertainty increases holding risk; Price wedged between 20DMA and 50DMA - direction unclear,72.0,1,28,Technical-only assessment (no recent news),"HOLD with tight monitoring. Technical structure intact on short-term (above 20DMA, positive 10d momentum, near highs) but volume weakness and negative longer-term trends warrant caution. No immediate breakdown signals justify exit, but lack of fundamental news and low conviction volume suggest reducing position on any rally to resistance. Set alerts at 50DMA (₹92.51) for reassessment.",close< 84.45 (swing_low - 1.0*ATR),3.48 (1.5×ATR),20DMA
20,BANARBEADS,BANARBEADS,28.0,neutral,HOLD,Price marginally below 20DMA (-1.86%) indicating short-term weakness; Recent 10-day momentum slightly negative (-0.05%); No fundamental news visibility - unable to assess business health,Strong position above 50DMA (+14.54%) confirms intact medium-term uptrend; RSI neutral at 50.79 - no overbought/oversold extremes; Weekly and monthly trends both UP - broader trend remains positive,Lack of fundamental visibility - no recent earnings/news to validate business momentum; Minor short-term pullback from 20DMA could extend if support breaks; Opportunity cost - capital allocation unclear without positive catalysts; Illiquid stock (avg volume 48.6K) - exit execution risk if sentiment turns,72.0,1,25,Technical-only assessment (no recent news),"HOLD with cautious monitoring. Technical structure remains constructive with price well above 50DMA and broader trends positive, but lack of fundamental news creates information gap. Current pullback appears normal consolidation rather than breakdown. Set tight stop-loss and reassess if business updates emerge or 50DMA support threatened.",close< 131.98 (swing_low - 1.0*ATR),12.48 (1.5×ATR),20DMA
21,CAPACITE,CAPACITE,28.0,neutral,HOLD,"Price trading below 50DMA (-1.42%), minor technical weakness; No recent news available for fundamental assessment; Moderate volume spike (1.33x) without clear directional conviction","Price comfortably above 20DMA (+3.07%), short-term uptrend intact; RSI neutral at 50.4 - no overbought/oversold extremes; Strong recent momentum: +5.44% over 10 days, both weekly and monthly trends up",Limited data availability prevents full fundamental analysis; Minor gap between current price and 50DMA could widen if momentum reverses; Volume increase without news catalyst may indicate institutional repositioning; ATR at 2.58% suggests moderate volatility - position sizing appropriate,65.0,1,25,Technical-only assessment (no recent news),"HOLD position with confidence. Technical picture shows constructive setup: price above rising 20DMA, neutral RSI, positive momentum across multiple timeframes, and trading near recent highs. The 50DMA underperformance is minimal (-1.42%) and not actionable. Absence of news creates uncertainty but reveals no actual deterioration. No exit signals meet urgency thresholds.",close< 263.61 (swing_low - 1.0*ATR),11.09 (1.5×ATR),20DMA
22,DBCORP,DBCORP,18.9,neutral,HOLD,Volume significantly below average (74% reduction) - potential liquidity concern; No recent news or catalysts in 48h window - limited visibility into fundamentals; Price consolidating near 20-day highs after 10% momentum run - potential exhaustion,Price trading above both SMA20 (+3.1%) and SMA50 (+0.3%) - uptrend intact; Neutral RSI at 50.3 - no overbought or oversold extremes; Weekly and monthly trends both positive - broader momentum supportive,"Extremely low volume (26% of 20-day average) raises questions about conviction in current price; No fundamental news available to validate recent 10% momentum surge; Limited data environment increases uncertainty - unable to assess earnings, debt, or management quality; Recent downtrend flagged despite positive longer-term trends - potential short-term weakness",72.0,1,15,Technical-only assessment (no recent news),"HOLD with cautious monitoring. Technical structure remains intact with price above key moving averages and no breakdown signals. However, severely depressed volume (74% below normal) and lack of fundamental catalysts create uncertainty. The 10% recent momentum gain lacks news validation, suggesting either insider accumulation or technical bounce. Without evidence of fundamental deterioration or technical support breaks, premature exit would forfeit position during intact uptrend. Monitor closely for volume confirmation or news emergence.",close< 227.37 (swing_low - 1.0*ATR),18.05 (1.5×ATR),20DMA
23,NBCC,NBCC,18.9,neutral,HOLD,Bollinger Band extreme position (z-score 2.16) suggests overbought conditions; Limited upside remaining - only 0.81% from 20-day high; No fundamental catalyst visible to justify current momentum,Strong technical setup: Price above both 20DMA (+4.1%) and 50DMA (+8.1%) with golden cross intact; Healthy RSI at 60.68 - in bullish zone but not overheated (below 70); Volume confirmation: 1.29x average with consistent uptrend across weekly and monthly timeframes,"Overbought on Bollinger Bands - vulnerable to mean reversion pullback; News vacuum - no fundamental catalyst to sustain rally, potential profit-taking risk; PSU sector volatility - government divestment/policy risks inherent to NBCC; Momentum exhaustion risk if fails to break above recent high decisively",72.0,1,15,Technical-only assessment (no recent news),"HOLD with vigilant monitoring. Technical structure remains intact with strong trend alignment and healthy momentum, presenting no immediate exit triggers. However, overbought positioning near 20-day highs warrants close attention for reversal signals. Absence of news creates uncertainty but doesn't justify exit absent breakdown confirmation.",close< 106.85 (swing_low - 1.0*ATR),4.48 (1.5×ATR),20DMA
24,PETRONET,PETRONET,18.0,neutral,HOLD,No significant technical deterioration - price above both 20D and 50D SMAs; Neutral RSI at 49.66 shows no oversold pressure; Recent uptrend with 2.05% momentum over 10 days,"Constructive technical setup: price trading above key moving averages (20D: +0.27%, 50D: +1.35%); Bollinger Band position (z=0.28) indicates neutral positioning with room to run; Recent trend positive with 10D momentum at +2.05%, no death cross formation",Below-average volume (0.82x ratio) suggests weak conviction in recent move; Weekly trend shows 'down' despite monthly uptrend - potential short-term weakness; Lack of news flow means no fundamental catalysts to drive further upside; Petronet LNG sector faces potential margin pressure from gas pricing dynamics; Distance from 20D high minimal (2.19%) - limited upside cushion immediately,72.0,1,15,Technical-only assessment (no recent news),"HOLD position with no urgent exit signals. Technical structure remains intact with price above key SMAs and neutral RSI. While volume weakness and lack of catalysts warrant monitoring, no material breakdown or fundamental deterioration justifies exit. Consider trimming on rallies above ₹285 or adding stop-loss at ₹272 (50D SMA support).",close< 271.01 (swing_low - 1.0*ATR),6.88 (1.5×ATR),20DMA
25,HUDCO,HUDCO,18.0,neutral,HOLD,No recent news creates information vacuum - unable to assess fundamental health; Government housing finance sector vulnerable to policy shifts; Moderate overbought conditions near BB upper band (z-score 1.71),Strong technical momentum - price above both 20DMA (+3.1%) and 50DMA (+6.1%) with uptrend intact across weekly and monthly timeframes; Healthy volume confirmation (1.77x average) supporting upward move - not a volume-less drift; RSI at 54.96 shows controlled strength without extreme overbought conditions,Information asymmetry risk - no news may mask underlying deterioration in loan book or asset quality; PSU/government-linked stock vulnerable to sudden policy announcements or budget allocation changes; Limited upside remaining if approaching technical resistance near ₹240; ATR at 2.31% suggests normal volatility but potential for gap-down if negative news emerges,72.0,1,15,Technical-only assessment (no recent news),"HOLD position with vigilance. Technical structure remains healthy with confirmed uptrend, volume support, and no breakdown signals. However, absence of news creates uncertainty about fundamental health - monitor for Q3 earnings updates, government housing policy changes, or loan portfolio quality indicators. Consider partial profit booking above ₹240 (BB upper band).",close< 219.09 (swing_low - 1.0*ATR),8.20 (1.5×ATR),20DMA
