rank,ticker,company_name,ai_score,sentiment,recommendation,catalysts,risks,certainty,articles_count,quant_alpha,current_price,price_timestamp,entry_zone_low,entry_zone_high,target_conservative,target_aggressive,stop_loss,fundamental_adjustment,quarterly_earnings_growth_yoy,annual_earnings_growth_yoy,profit_margin_pct,debt_to_equity,is_profitable,net_worth_positive,financial_health_status,catalyst_score,has_dividend,dividend_amount,has_bonus,bonus_ratio,correction_detected,correction_pct,reversal_confirmed,correction_confidence,oversold_score,fundamental_confidence,catalyst_strength,boost_applied,boost_tier,correction_reasoning,risk_filters_passed,risk_violations,market_context,market_vix_level,supervisor_verdict,supervisor_confidence,supervision_notes,headline,reasoning
1,BLACKBUCK,ZINKA LOGISTICS SOLUTIONS LIMITED,82.1,bullish,BUY,"analyst_rating, target_price_upgrade, revenue_growth, profitability_improvement, market_share_expansion","Target price implies 26.6% upside - execution risk if growth slows, Superloads business still nascent (only 4 hubs active), Near-term EBITDA margin compression expected due to Superloads investment, High valuation expectations priced in",75,1,59.8,699.00,2025-11-15T03:18:11.519265,692.01,699.00,726.96,754.92,671.04,+9.86,110.83,95.54,19.32,0.03,TRUE,TRUE,healthy,0,FALSE,,FALSE,,FALSE,,FALSE,,,,,,,Correction detection failed: Outside valid range: 4.7% (need 10-35%),,,,,CAUTION,0.50,⚠️  Decision flagged for caution review | Issues: Reversal confirmation failed - critical layer | Re,"BlackBuck gets Buy rating as Ambit sees strong growth ahead, values stock at Rs 885 ","Ambit Capital's Buy rating with ₹885 target (26.6% upside from ₹699) is backed by strong fundamentals: 53% revenue CAGR (FY22-25), EBITDA margin improvement from -121% to +24.2%, and dominant 50% mark"
2,SBIN,STATE BANK OF INDIA,77.2,bullish,BUY,"institutional_buying, earnings, analyst_upgrade, sector_momentum","RSI at 77.7 indicates overbought territory - potential short-term consolidation, Promoter stake reduced from 57.42% to 55.50% - dilution concern, Loan book stress remains a key risk per analyst commentary, Technical pullback likely given RSI >70 for swing entry timing",78,1,56.5,967.85,2025-11-15T03:18:37.652046,953.33,972.69,992.05,1016.24,943.65,+4.50,9.71,15.62,23.90,1.27,TRUE,TRUE,healthy,0,FALSE,,FALSE,,FALSE,,FALSE,,,,,,,Correction detection failed: Outside valid range: 0.0% (need 10-35%),,,,,CAUTION,0.50,⚠️  Decision flagged for caution review | Issues: Reversal confirmation failed - critical layer | Re,FIIs and DIIs place big bets on State Bank of India — Analysts see about 20% rally ahead ,"Strong institutional accumulation with FII stake rising to 9.57% and DII to 27.65%, combined with Q2 profit crossing ₹20,000cr for first time in 5 quarters (+10% YoY). ICICI Securities maintains Buy w"
3,IDEAFORGE,IDEAFORGE TECHNOLOGY LIMITED,58.7,bullish,BUY,"contract, defense_order, capital_emergency_procurement","Fundamental weakness: Company currently unprofitable with -184% profit margin, Quarterly revenue down -85% Y-o-Y and earnings down -2106% Y-o-Y, Stock in oversold zone (RSI 30) - may indicate underlying weakness, Single order may not reverse fundamental deterioration trend, High retail impact may cause quick profit-booking after initial spike",85,1,43.2,464.65,2025-11-15T03:19:07.395465,457.68,466.97,476.27,487.88,453.03,-12.10,-2106.47,-237.58,-184.32,0.03,FALSE,TRUE,concerning,0,FALSE,,FALSE,,TRUE,21.1%,FALSE,0.24,55.0,25.0,0.0,,,Stock fails risk management criteria: High volatility (beta 1.7) + low confidence,FALSE,volatility,,,CAUTION,0.50,⚠️  Decision flagged for caution review | Issues: Risk filters failed | Recommendation: Verify or re,ideaForge Tech bags ₹100-cr supply order from Indian Army,"ideaForge secured a confirmed ₹100cr defense order (₹75cr for Zolt, ₹30cr for SWITCH2) from Indian Army through rigorous evaluation and field trials. This is a high-certainty catalyst from tier-1 sour"
4,MARICO,MARICO LIMITED,57.4,bearish,HOLD,"earnings, results_metrics","Net profit declined 0.7% YoY despite revenue growth, Parachute Rigids volume declined 3% due to copra hyperinflation, Elevated input costs compressing margins in near term, Bangladesh geopolitical risks affecting international business, Saffola edible oils flat in volume terms due to high pricing",85,1,66.9,738.70,2025-11-15T03:19:36.238353,731.31,738.70,768.25,797.80,709.15,+10.88,8.62,9.99,15.46,0.14,TRUE,TRUE,healthy,5,TRUE,₹7.0,FALSE,,FALSE,,FALSE,,,,,,,Correction detection failed: Outside valid range: 1.7% (need 10-35%),,,,,CAUTION,0.50,⚠️  Decision flagged for caution review | Issues: Reversal confirmation failed - critical layer | Re,"Marico’s profit declines 0.7% in Q2 FY26, to ₹420 crore","Q2 FY26 results show a marginal profit decline (-0.7% YoY to ₹420cr) despite strong 30% revenue growth, indicating severe margin compression from input cost inflation. While underlying volume growth o"
5,AAKASH,AAKASH EXPLORATION SERVICES LIMITED,55.5,bullish,HOLD,"investment, m&a, sector_consolidation","Stock trading below 50DMA (-5.26%) indicating weak medium-term trend, Company reported net loss of ₹79.4cr in FY23, no FY24/FY25 financials filed, High leadership churn (CFO and CEO exits in recent months), Byju's insolvency uncertainty - stake dilution unclear, Earnings down -92% YoY (Q) and -70% YoY (Annual) - severe profitability concerns, Rights issue dilution risk for existing shareholders, Current ratio 0.91 indicates liquidity concerns",75,1,47.1,8.97,2025-11-15T03:21:39.864000,8.84,9.01,9.19,9.42,8.75,-9.57,-92.06,-70.34,1.08,0.39,FALSE,TRUE,concerning,0,FALSE,,FALSE,,TRUE,20.0%,FALSE,0.24,55.0,25.0,0.0,,,Stock fails risk management criteria: Small cap (₹91Cr < ₹500Cr),FALSE,market_cap,,,CAUTION,0.50,⚠️  Decision flagged for caution review | Issues: Risk filters failed | Recommendation: Verify or re,Ranjan Pai to bring  ₹250 crore more into Aakash as Manipal bids for Byju's,"Confirmed ₹250cr investment from Ranjan Pai's family office in tranches (₹100cr immediate) provides capital infusion catalyst. However, stock shows weak technicals (RSI 34.9, price -5.26% below 50DMA,"
6,INDIGO,INTERGLOBE AVIATION LIMITED,54.9,neutral,HOLD,"expansion, network_growth","No immediate revenue impact - operations start Dec 25, Operational expansion requires capital expenditure, Earnings declining Y-o-Y (-20.2% quarterly, -11.2% annual), High debt-to-equity ratio of 7.13 limits financial flexibility, Market already priced in expansion (RSI neutral zone)",75,1,42.1,5908.50,2025-11-15T03:20:29.542639,5819.87,5938.04,6056.21,6203.93,5760.79,-2.29,-20.25,-11.19,10.62,7.13,TRUE,TRUE,concerning,5,TRUE,₹10.0,FALSE,,FALSE,,FALSE,,,,,,,Correction detection failed: Outside valid range: 4.0% (need 10-35%),,,,,CAUTION,0.50,⚠️  Decision flagged for caution review | Issues: Reversal confirmation failed - critical layer | Re,IndiGo fuels domestic expansion with new routes from newly launched Navi Mumbai International Airpor,"IndiGo announces confirmed expansion with 10 new routes from Navi Mumbai Airport starting December 25. While this is a concrete expansion catalyst from a tier-1 source (Hindu BusinessLine), the immedi"
7,SWIGGY,SWIGGY LIMITED,52.4,bullish,HOLD,"sector_momentum, analyst_upgrade, profitability_improvement","Company still not profitable (-24.13% profit margin), Quarterly earnings down -95.91% YoY, Renewed competitive intensity in food delivery/QC sector, Increased promotional spending may pressure margins, Stock in oversold territory (RSI 32.30) but downtrend continues",65,1,33.2,393.10,2025-11-15T03:22:12.497371,389.17,393.10,408.82,424.55,377.38,-9.04,-95.91,-32.62,-24.13,0.17,FALSE,TRUE,concerning,0,FALSE,,FALSE,,TRUE,14.2%,FALSE,0.24,55.0,25.0,0.0,,,Adjusted confidence 0.24 below requirement 0.30,TRUE,,uncertain,0.5,CAUTION,0.50,⚠️  Decision flagged for caution review | Issues: Low correction confidence: 0.24 | Recommendation: ,Food delivery set for 20–22% GOV growth; Eternal & Swiggy top bets ,Economic Times article highlights positive industry outlook with 20-22% GOV growth for food delivery sector. Analyst from Motilal Oswal sets Rs 550 target price (40% upside from current Rs 393). Artic
8,SIEMENS,SIEMENS LIMITED,48.8,bearish,HOLD,"earnings, revenue_growth","Net profit declined 7% YoY despite revenue growth, Previous quarter had one-time property sale gain of ₹69cr inflating comparison base, Digital Industries segment volumes impacted by muted private sector capex, Lower order backlog reach affecting current performance, RSI at 40.1 indicates weakening momentum, Price trading below both 20DMA (-0.56%) and 50DMA (-2.16%)",85,1,54.6,3084.20,2025-11-15T03:20:01.361816,3053.36,3084.20,3207.57,3330.94,2960.83,+2.77,-26.80,38.54,9.73,0.02,TRUE,TRUE,moderate,0,FALSE,,FALSE,,FALSE,,FALSE,,,,,,,Correction detection failed: Outside valid range: 7.3% (need 10-35%),,,,,CAUTION,0.50,⚠️  Decision flagged for caution review | Issues: Reversal confirmation failed - critical layer | Re,Siemens Sept qtr net profit falls 7% to ₹485 cr,"Siemens reported confirmed quarterly results with 16% revenue growth to ₹5,171cr, but net profit fell 7% YoY to ₹485cr. The profit decline was partially due to comparison against Q4 FY2024's ₹69cr one"
9,WORTH,WORTH PERIPHERALS LIMITED,47.4,neutral,HOLD,,"News is about Andhra Pradesh state investment deals, NOT about WORTH company, Stock in downtrend with RSI 41.97, price below 20DMA and 50DMA, Weak volume ratio (0.19) indicates lack of buying interest, Negative 10-day momentum (-4.64%), News has zero relevance to WORTH's business operations",85,2,41.5,159.00,2025-11-15T03:20:54.487998,156.62,159.79,162.97,166.95,155.03,+2.25,,-2.82,7.22,0.11,TRUE,TRUE,moderate,0,FALSE,,FALSE,,TRUE,13.3%,FALSE,,,,,,,Stock showing correction but reversal signals insufficient: 0 technical signal(s),,,,,CAUTION,0.50,⚠️  Decision flagged for caution review | Issues: Reversal confirmation failed - critical layer | Re,CII Partnership Summit 2025: AP inked investment deals worth ₹13 lakh crore: CM Naidu,"This news is about Andhra Pradesh state government signing ₹13 lakh crore investment deals at CII Partnership Summit 2025, NOT about WORTH company. There is zero correlation between state-level invest"
